{"scope.version":"2","timeline.animationMode":"proMode","viewport.width":300,"viewport.height":250,"design.userpaddingleft":-451,"design.userpaddingtop":-395,"stage.mask":false,"library.openDirectories":[],"library.GroupsPath":{},"library.downloadedAssets":{},"design.scrollleft":220,"design.scrolltop":383,"publish.local.isResponsivePublishedAsFixedSized":false,"publish.local.flatten":true,"publish.local.minify":true,"publish.local.inlineFiles":true,"publish.local.createZip":true,"publish.local.politeLoad":true,"publish.local.exportMozilla":true,"publish.local.exportWebkit":true,"publish.local.borderColor":"rgba(0,0,0,1)","publish.local.addBorder":false,"":false,"publish.local.skipLoadingDelay":false,"design.zoom":2.2431330956923032}